,,,"AГұo, Mes оҘІ
Power BI Des",,ktopCODIGO оҘІ,,,
"2025 (AГұo) + julio (Mes) о„ҳ 7PULILI о„ҳ
42
88 70 (29,54%) 103
(17,72%)
(37,13%) (43,46%)",,,2025 (AГұo) + julio (Mes) о„ҳ,,,,,
,,,,"42
(17,72%)",,,,
,"88
(37,13%)",,,,,,"70 (29,54%) 103
(43,46%)",
"195 64 (27%)
149 (62,87%)
(82,28%)
LC1 LC2 LC 3M
VACAPREГ‘ACTUAL VACA VACIA
VACAS ORDEГ‘O VACAS SECA
De un total de 237 vacas, 88 estГЎn preГұadas. Esto De las vacas adultas, 237 estГЎn actualmente en producciГіn de
representa el 37.13% del rebaГұo. leche (82.28%), mientras que 42 estГЎn secas (17.72%)
51 (26,15%) 66 5 (11,9%)
237 (33,85%)
(47,98%)
257
(52,02%)
38
37 (88,1%)
(19,49%) 40 (20,51%)
VACAS TOTAL RECRIA TOTAL
Seca PreГұada Seca Insem Seca Vacia
OrdeГұo<60DEL OrdeГұo>60DEL Insem PreГұada
15,73 60,17
El rebaГұo cuenta con un total de 494 dividido entre, 237 vacas
257 animales en recrГӯa. Esto representa el 47.98% de vacas dвҖҰ
88,76
LACTACION PROMEDIO TEMPERATURA MIN ITH MIN
129,54
2,04 HUMEDAD
19,19 66,01
TEMPERATURA MAX ITH MAX
DEL PROMEDIO","149 (62,87%)
VACAPREГ‘ACTUAL VACA VACIA",,,"195
(82,28%)
VACAS ORDEГ‘O VACAS SECA",,,"64 (27%)
LC1 LC2 LC 3M",
